count,mean,median,std,min,max
1338731,0.018703771511976643,0.007576,0.16149220028651554,-0.900806,19.883589
