split,rmse,r2,ic_pearson,ic_rank,n_rows
Test,0.18468437597062945,0.006309896561881745,0.07974744410698395,0.002381311514828146,178089
